Workbook

Sheet Kampanie unified
E1: PostHog | I1: Meta Ads | O1: Analiza | Q1: Notion
A2: Materiał / kampania | B2: Klient | C2: Format | D2: Deadline | E2: UU login | F2: KPI target | G2: Realizacja % | H2: Brakuje UU | I2: Meta spend (PLN) | J2: Wyniki | K2: CPR (PLN) | L2: Zasięg | M2: Częstotl. | N2: Adsetów | O2: Status | P2: Co zrobić | Q2: Projekt (Notion) | R2: Materiał (Notion)
A3: GLP-1 / Cholestil | B3: Adamed | C3: Medyczne espresso | D3: 31.03 | E3: 177 | F3: 500 | G3: =E3/F3 -> 0.354 | H3: =IF(F3-E3>0,F3-E3,0) -> 323 | I3: 379.67 | J3: 191 | K3: 1.99 | L3: 12400 | M3: 3.2 | N3: 1 | O3: 🔴 Zagrożone | P3: Max budżet Meta + newsletter diabetologia + kardiologia + push. Rozważ przesunięcie deadline z klientem. | Q3: — | R3: 3-2026 Adamed Cholestil
A4: Neoangin (benzydamina) | B4: Klosterfrau | C4: 5 min o leku | D4: 31.03 | E4: 257 | F4: 500 | G4: =E4/F4 -> 0.514 | H4: =IF(F4-E4>0,F4-E4,0) -> 243 | I4: 198.84 | J4: 66 | K4: 3.01 | L4: 4900 | M4: 2.3 | N4: 1 | O4: 🟠 Uwaga | P4: Podwój Meta + newsletter laryngologia + push. Sezon przeziębień się kończy. | Q4: — | R4: 251-2025 Klosterfrau NeoAngin
A5: Mometazon+olopatadyna (Ryaltris) | B5: Glenmark | C5: 5 min o leku | D5: 31.03 | E5: 282 | F5: 500 | G5: =E5/F5 -> 0.564 | H5: =IF(F5-E5>0,F5-E5,0) -> 218 | I5: 202.56 | J5: 83 | K5: 2.44 | L5: 5600 | M5: 2.4 | N5: 1 | O5: 🟠 Uwaga | P5: Zwiększ Meta 2× + newsletter alergologia. Szczyt sezonu alergii. | Q5: 237-2025 Glenmark Marimer | R5: 5min Mometazon Ryaltris
A6: Marimer – nieżyt nosa | B6: Glenmark | C6: VOD | D6: 31.03 | E6: 228 | F6: 400 | G6: =E6/F6 -> 0.57 | H6: =IF(F6-E6>0,F6-E6,0) -> 172 | I6: 344.02 | J6: 112 | K6: 3.07 | L6: 9800 | M6: 2.9 | N6: 1 | O6: 🟠 Uwaga | P6: Newsletter pediatria + alergologia + push. Sezonowość na korzyść. | Q6: 237-2025 Glenmark Marimer | R6: Poradnik Katar Marimer
A7: Case: 45-latka astma – Bufomix | B7: OrionPharma | C7: Przypadek kliniczny | D7: 20.01 ⚠️ | E7: 73 | F7: 400 | G7: =E7/F7 -> 0.1825 | H7: =IF(F7-E7>0,F7-E7,0) -> 327 | I7: 92.54 | J7: 50 | K7: 1.85 | L7: 3950 | M7: 2.15 | N7: 2 | O7: 🔴 Zagrożone | P7: ALARM: deadline minął 20.01, publikacja dopiero 9.03. Renegocjuj z klientem. | Q7: 199-2025 OrionPharma Bufomix | R7: DiL Astma Bufomix
A8: Escitalopram (Escitil) | B8: Egis | C8: 5 min o leku | D8: 31.03 | E8: 304 | F8: 400 | G8: =E8/F8 -> 0.76 | H8: =IF(F8-E8>0,F8-E8,0) -> 96 | I8: 300.48 | J8: 162 | K8: 1.85 | L8: 8700 | M8: 2.7 | N8: 1 | O8: 🟡 Na drodze | P8: Szansa na domknięcie. Utrzymaj Meta + newsletter psychiatria + push. | Q8: 229-2025 Egis Escitalopram | R8: 5min Escitalopram
A9: Profilaktyka RSV – Abrysvo | B9: Pfizer | C9: Medyczne espresso | D9: 28.02 | E9: 488 | F9: 500 | G9: =E9/F9 -> 0.976 | H9: =IF(F9-E9>0,F9-E9,0) -> 12 | I9: 0 | J9: 0 | K9: — | L9: 0 | M9: — | N9: 0 | O9: 🟡 Na drodze | P9: Prawie domknięty (98%)! 12 UU — newsletter + push zamknie KPI. Ruch organiczny. | Q9: 159-2025 Pfizer Abrysvo | R9: ME RSV Abrysvo
A10: D&L: Intensyfikacja POChP | B10: Chiesi | C10: Diagnozuj i lecz | D10: 08.03 | E10: 328 | F10: 400 | G10: =E10/F10 -> 0.82 | H10: =IF(F10-E10>0,F10-E10,0) -> 72 | I10: 0 | J10: 0 | K10: — | L10: 0 | M10: — | N10: 0 | O10: 🟡 Na drodze | P10: Brakuje 72 UU. Newsletter pulmonologia powinien wystarczyć. | Q10: — | R10: DiL POChP Chiesi
A11: Case: 28-latka ciąża – Bonjesta | B11: Exeltis | C11: Przypadek kliniczny | D11: 16.03 | E11: 296 | F11: 400 | G11: =E11/F11 -> 0.74 | H11: =IF(F11-E11>0,F11-E11,0) -> 104 | I11: 0 | J11: 0 | K11: — | L11: 0 | M11: — | N11: 0 | O11: 🟠 Uwaga | P11: Brakuje 104 UU. Newsletter ginekologia + push. | Q11: 235-2024 Exeltis Bonjesta | R11: ICS Ciąża Bonjesta
A12: Rivaroxaban (Xiltess) | B12: Egis | C12: 5 min o leku | D12: — | E12: 545 | F12: 300 | G12: =E12/F12 -> 1.8166667 | H12: =IF(F12-E12>0,F12-E12,0) -> 0 | I12: 104.11 | J12: 39 | K12: 2.67 | L12: 3500 | M12: 2.1 | N12: 1 | O12: ✅ Domknięte | P12: KPI przekroczone! Zmniejsz Meta spend, przesuń budżet na zagrożone. | Q12: 25-2026 Egis Xiltess | R12: 5min Rivaroxaban Xiltess
A13: Obrzęk stawu skokowego | B13: MagnaPharm | C13: Przypadek kliniczny | D13: — | E13: 505 | F13: 400 | G13: =E13/F13 -> 1.2625 | H13: =IF(F13-E13>0,F13-E13,0) -> 0 | I13: 0 | J13: 0 | K13: — | L13: 0 | M13: — | N13: 0 | O13: ✅ Domknięte | P13: KPI przekroczone — 100% organiczny. Case study skuteczności platformy. | Q13: — | R13: ICS MagnaPharm Reparil
A14: D&L: Zwyrodnienie kolana | B14: HascoLek | C14: Diagnozuj i lecz | D14: — | E14: 438 | F14: 500 | G14: =E14/F14 -> 0.876 | H14: =IF(F14-E14>0,F14-E14,0) -> 62 | I14: 0 | J14: 0 | K14: — | L14: 0 | M14: — | N14: 0 | O14: 🟡 Na drodze | P14: Realizacja 88% — powinien domknąć KPI sam. Nie potrzebuje Meta. | Q14: 9-2025 HascoLek Vicetan | R14: —
A15: D&L: Cukrzyca t.2 + tarczyca | B15: Merck | C15: Diagnozuj i lecz | D15: — | E15: 314 | F15: 400 | G15: =E15/F15 -> 0.785 | H15: =IF(F15-E15>0,F15-E15,0) -> 86 | I15: 534.47 | J15: 319 | K15: 1.68 | L15: 15826 | M15: 3.21 | N15: 1 | O15: 🟡 Na drodze | P15: Na dobrej drodze (79%). Domknie KPI w 2–3 tygodnie. | Q15: 234-2025 Merck DiL | R15: DiL Cukrzyca+tarczyca
A16: Modyfikacja leczenia (TD) | B16: Egis | C16: VOD | D16: — | E16: 222 | F16: 400 | G16: =E16/F16 -> 0.555 | H16: =IF(F16-E16>0,F16-E16,0) -> 178 | I16: 537.89 | J16: 117 | K16: 4.6 | L16: 17200 | M16: 3.5 | N16: 1 | O16: 🟠 Uwaga | P16: CPR 4,60 — najdroższy VOD. Rozważ przesunięcie budżetu na tańsze formaty. | Q16: 229-2025 Egis | R16: VOD TD Modyfikacja leczenia
A17: Case: 60-latka – kolano | B17: HascoLek | C17: Przypadek kliniczny | D17: — | E17: 177 | F17: 400 | G17: =E17/F17 -> 0.4425 | H17: =IF(F17-E17>0,F17-E17,0) -> 223 | I17: 0 | J17: 0 | K17: — | L17: 0 | M17: — | N17: 0 | O17: 🔴 Zagrożone | P17: Postęp wolny (44%). Rozważ uruchomienie Meta lub newsletter ortopedia. | Q17: 9-2025 HascoLek Vicetan | R17: —
A18: Obniżenie nastroju (Trittico) | B18: Angelini | C18: Poradnik | D18: — | E18: — | F18: — | G18: — | H18: — | I18: 3235.91 | J18: 6693 | K18: 0.48 | L18: 81095 | M18: 4.75 | N18: 1 | O18: 📊 Meta only | P18: Gwiazda portfela — CPR 0,48 zł. Sprawdź z Notion, czy klient potrzebuje raport UU. | Q18: — | R18: Poradnik Obniżenie nastroju Trittico
A19: Stłuszczeniowa ch. wątroby | B19: BauschHealth | C19: Poradnik | D19: — | E19: — | F19: — | G19: — | H19: — | I19: 1832.92 | J19: 2825 | K19: 0.65 | L19: 48958 | M19: 4.16 | N19: 1 | O19: 📊 Meta only | P19: Bardzo dobry CPR. Skonfiguruj KPI tracking w PostHog. | Q19: — | R19: Poradnik Stłuszczeniowa wątroba
A20: Kalkulatory psychiatryczne | B20: Egis | C20: Kalkulatory | D20: — | E20: — | F20: — | G20: — | H20: — | I20: 1237.69 | J20: 1332 | K20: 0.93 | L20: 42000 | M20: 3.8 | N20: 6 | O20: 📊 Meta only | P20: Świetny format. Sprawdź UU w PostHog — argument do rozszerzenia współpracy z Egis. | Q20: 229-2025 Egis | R20: Kalkulatory psychiatryczne Egis
A21: ŁĄCZNIE / ŚREDNIA | E21: =SUM(E3:E20) -> 4634 | F21: =SUM(F3:F20) -> 6400 | G21: =E21/F21 -> 0.7240625 | H21: =SUM(H3:H20) -> 2116 | I21: =SUM(I3:I20) -> 9001.1 | J21: =SUM(J3:J20) -> 11989 | K21: =I21/J21 -> 0.75077988 | L21: =SUM(L3:L20) -> 253929

Sheet Meta bez KPI
A1: Kampania / zestaw reklam | B1: Klient / typ | C1: Spend (PLN) | D1: Wyniki | E1: CPR (PLN) | F1: Typ wyniku | G1: Notatka
A2: Nagrania konferencji (26 zestawów) | B2: Remedium | C2: 10582.4 | D2: 6051 | E2: 1.75 | F2: Video Play | G2: 33% budżetu! Brak jasnego KPI — zrewiduj.
A3: Rejestracje – Prospecting | B3: Remedium | C3: 5231.31 | D3: 532 | E3: 9.83 | F3: Rejestracja | G3: CPR 9,83 — drogie. Sprawdź retention nowych userów.
A4: PKwPOZ Diabetologia 2026 | B4: Konferencja | C4: 1094.15 | D4: 512 | E4: 2.14 | F4: Zapisy | G4: Dobry CPR. Zapisy na konferencję.
A5: MKK 2026 | B5: Konferencja | C5: 949.26 | D5: 266 | E5: 3.57 | F5: Zapisy | G5: Wyższy CPR niż PKwPOZ.
A6: Poradniki Glenmark (3 szt.) | B6: Glenmark | C6: 2432.17 | D6: 1840 | E6: 1.32 | F6: LPV | G6: Alergologia + kardiologia. Razem 2432 PLN.
A7: Poradnik Migrena | B7: Teva | C7: 731.29 | D7: 570 | E7: 1.28 | F7: LPV | G7: Solidny zasięg, dobry CPR.
A8: Webinar Antydepresant | B8: Egis | C8: 651.19 | D8: 205 | E8: 3.18 | F8: Zapisy | G8: Zapisy na webinar.
A9: Kursy (2 szt.) | B9: Egis | C9: 574.86 | D9: 267 | E9: 2.15 | F9: Odtworzenie | G9: CPR 2,15 za odtworzenie kursu.
A10: FB reactions (konf + webinary) | B10: Mix | C10: 686.32 | D10: 421 | E10: 1.63 | F10: Reakcje FB | G10: Tani engagement format.
A11: ICS NSTEMI | B11: Merck | C11: 135.59 | D11: 91 | E11: 1.49 | F11: LPV | G11: Świeży, mały budżet.
A12: Kolonoskopia | B12: Swixx | C12: 8.83 | D12: 13 | E12: 0.68 | F12: LPV | G12: Dopiero startuje.
A13: ŁĄCZNIE | C13: =SUM(C2:C12) -> 23077.37 | D13: =SUM(D2:D12) -> 10768 | E13: =C13/D13 -> 2.1431436

Sheet Podsumowanie
A1: Aktywne kampanie — podsumowanie
A3: Metryka | B3: Wartość
A4: Materiałów z KPI (PostHog) | B4: 15
A5: KPI domknięte (≥100%) | B5: =COUNTIF('Kampanie unified'!G3:G17,">="&1) -> 2
A6: Zagrożone (<50%) | B6: =COUNTIF('Kampanie unified'!G3:G17,"<"&0.5) -> 3
A7: Materiałów z aktywną Meta | B7: =COUNTIF('Kampanie unified'!I3:I20,">"&0) -> 12
A8: Materiałów bez Meta (organika) | B8: =COUNTIF('Kampanie unified'!I3:I17,0) -> 6
A10: PostHog — łącznie
A11: UU login (suma) | B11: ='Kampanie unified'!E21 -> 4634
A12: KPI target (suma) | B12: ='Kampanie unified'!F21 -> 6400
A13: Realizacja % | B13: ='Kampanie unified'!G21 -> 0.7240625
A15: Meta Ads — łącznie
A16: Spend materiały z KPI | B16: =SUM('Kampanie unified'!I3:I17) -> 2694.58
A17: Spend materiały bez KPI | B17: =SUM('Kampanie unified'!I18:I20) -> 6306.52
A18: Spend Meta-only (arkusz 2) | B18: ='Meta bez KPI'!C13 -> 23077.37
A19: TOTAL Meta spend | B19: =B16+B17+B18 -> 32078.47
A21: CPR ranking formatów
A22: Poradniki / treści klienckie | B22: 0.48–0.65
A23: Kalkulatory | B23: 0.93
A24: 5 min o leku | B24: 1.85–3.01
A25: VOD | B25: 3.07–4.60
A26: Rejestracje | B26: 9.83
